id,law_name,article
b420e109-aaf2-45cc-8a61-b6bc8fc894d9,Кодекс Кыргызской Республики о правонарушениях,"Статья 84. Нарушение правил защиты населения от вредного влияния табачных изделий
Нарушение правил обязательного отвода мест для курящих, требований о размещении наглядной информации о местах курения или оборудования таких мест -
влечет наложение штрафа на физических лиц в размере 50 расчетных показателей, на юридических лиц - 500 расчетных показателей.
(В редакции Закона КР от 28 февраля 2024 года № 61)"
f50238b0-f986-4d21-9074-da3b56200c6f,Уголовный кодекс Кыргызской Республики,"Статья 19. Классификация преступлений
 
1. Преступления в зависимости от характера и степени общественной опасности подразделяются на преступления небольшой тяжести, менее тяжкие, тяжкие и особо тяжкие.
2. Тяжесть преступления определяется максимальным сроком наказания, предусмотренного санкцией статьи:
1) к преступлениям небольшой тяжести относятся умышленные и неосторожные преступления, за которые наказание в виде лишения свободы не предусмотрено;
2) к менее тяжким преступлениям относятся умышленные преступления, за которые законом предусмотрено наказание в виде лишения свободы на срок не свыше пяти лет, а также неосторожные преступления, за которые предусмотрено наказание в виде лишения свободы на срок не свыше десяти лет;
3) к тяжким преступлениям относятся умышленные преступления, за которые законом предусмотрено наказание в виде лишения свободы на срок более пяти лет, но не свыше десяти лет;
4) к особо тяжким преступлениям относятся умышленные преступления, за которые законом предусмотрено наказание в виде лишения свободы на срок свыше десяти лет или пожизненное лишение свободы.
 "
e009ef8f-2410-409a-9a35-a15c3d850298,Гражданский процессуальный кодекс Кыргызской Республики,"Статья 10. Осуществление правосудия на основе состязательности и равноправия сторон
1. Правосудие по гражданским делам осуществляется на основе состязательности и равноправия сторон.
2. Суд, сохраняя объективность и беспристрастность, осуществляет руководство процессом, разъясняет лицам, участвующим в деле, их права и обязанности, создает условия для всестороннего и полного исследования доказательств, установления обстоятельств и правильного применения законодательства при разрешении гражданских дел."
74688912-792b-4de9-966a-ee2c76d91006,Гражданский Кодекс КР Часть II,"Статья 730. Обеспечение исполнения обязательств заемщика
 
При невыполнении заемщиком предусмотренных договором займа обязанностей по обеспечению возврата суммы займа, а также при утрате обеспечения или ухудшении его условий по обстоятельствам, за которые займодавец не отвечает, займодавец вправе потребовать от заемщика досрочного возврата суммы займа и уплаты причитающихся процентов, если иное не предусмотрено договором.
 "
b7a4de9e-8f89-4cee-9097-c54fe85dd4aa,Уголовно-процессуальный кодекс Кыргызской Республики,"Статья 157. Направление дела после его возбуждения
 
1. После вынесения постановления о возбуждении уголовного дела:
1) следователь принимает дело к своему производству и приступает к расследованию, о чем выносит постановление либо передает дело прокурору для направления дела по подследственности или территориальности;
2) прокурор направляет дело следователю для производства следствия.
 
Глава 21. Общие условия производства следствия
 "
1fd5a716-44e5-420a-9121-eb5db528858e,Гражданский Кодекс КР Часть I,"Статья 381. Понятие договора
 
1. Договором признается соглашение двух или нескольких лиц об установлении, изменении или прекращении гражданских прав и обязанностей.
2. К обязательствам, возникшим из договора, применяются общие положения об обязательствах, поскольку иное не предусмотрено правилами настоящей главы и правилами об отдельных видах договоров, содержащимися в настоящем Кодексе.
3. К договорам, заключаемым более чем двумя сторонами (многосторонние договоры), общие положения о договоре применяются, если это не противоречит многостороннему характеру таких договоров.
 "
dc43e12f-20a1-40e0-95df-5b7f41c56083,Гражданский Кодекс КР Часть I,"Статья 324. Понятие и основания возникновения залога
 
1. В силу залога кредитор по обеспеченному залогом обязательству (залогодержатель) имеет право, в случае неисполнения, ненадлежащего исполнения должником этого обязательства, получить удовлетворение из стоимости заложенного имущества преимущественно перед другими кредиторами лица, которому принадлежит это имущество (залогодателя), за изъятиями, установленными законом.
Залогодержатель имеет право получить на тех же началах удовлетворение из страхового возмещения за утрату или повреждение заложенного имущества, независимо от того, в чью пользу оно застраховано, если только утрата или повреждение не произошли по причинам, за которые залогодержатель отвечает.
2. Залог возникает в силу договора или на основании закона.
Правила настоящего Кодекса о залоге, возникающем в силу договора, соответственно применяются к залогу, возникающему на основании закона. Правоотношения, касающиеся залога, не отрегулированные настоящим Кодексом, регулируются законодательством о залоге, а также земельным законодательством.
3. (Утратил силу в соответствии с Законом КР от 15 июля 2016 года № 117)
(В редакции Законов КР от 21 июля 1999 года № 83, 28 февраля 2007 года № 28, 15 июля 2016 года № 117) 
 "
7cd39151-4264-4a06-ba88-3c1087a18a24,Гражданский Кодекс КР Часть I,"Статья 113. Распределение прибыли и убытков полного товарищества
 
1. Прибыль и убытки полного товарищества распределяются между его участниками пропорционально их долям в уставном капитале, если иное не предусмотрено учредительным договором или иным соглашением участников. Не допускается соглашение об устранении кого-либо из участников товарищества от участия в прибыли или в убытках.
2. Если вследствие понесенных товариществом убытков стоимость его чистых активов станет меньше размера его уставного капитала, полученная товариществом прибыль не распределяется между участниками до тех пор, пока стоимость чистых активов не превысит размер уставного капитала.
 "
c016f503-cae2-40cd-9688-d64dc51b2730,Гражданский процессуальный кодекс Кыргызской Республики,"Статья 428. Признание и приведение в исполнение решений иностранных судов
Решения иностранных судов, в том числе решения об утверждении мировых соглашений, признаются и приводятся в исполнение в Кыргызской Республике, если это предусмотрено законами или вступившими в установленном законом порядке в силу международными договорами, участницей которых является Кыргызская Республика, либо на началах взаимности."
a5cce500-7bf1-4fd8-82eb-211329d1d1de,Трудовой кодекс КР,"Статья 128. Очередность предоставления ежегодных оплачиваемых отпусков
Очередность предоставления оплачиваемых отпусков определяется ежегодно в соответствии с графиком отпусков, утверждаемым работодателем не позднее чем за 2 недели до наступления календарного года. График отпусков обязателен как для работодателя, так и для работника.
О времени начала отпуска работник должен быть извещен не позднее чем за 2 недели до его начала. Оплата отпуска работнику должна быть произведена не позднее чем за 3 дня до его начала.
Отдельным категориям работников в случаях, предусмотренных настоящим Кодексом, иными законами, ежегодный оплачиваемый отпуск предоставляется по их желанию в удобное для них время."
1ac33ab1-961a-49ee-a5c1-7299caaf6d43,Уголовный кодекс Кыргызской Республики,"Статья 85. Основания освобождения от наказания и его отбывания, смягчения наказания
1. Освобождение осужденного от наказания или дальнейшего его отбывания, а также смягчение назначенного наказания, кроме смягчения наказания или замены его более мягким на основании акта о помиловании, применяется судом только в случаях, предусмотренных настоящим Кодексом.
2. Освобождение от наказания или дальнейшего его отбывания может осуществляться на основании закона об амнистии.
 "
e2249cc2-fa99-4686-b63d-b93f137b631d,Уголовно-процессуальный кодекс Кыргызской Республики,"Статья 335. Осмотр местности и помещения
 
1. Суд, признав необходимым осмотреть какое-либо помещение или местность, производит осмотр с участием сторон. В случае необходимости осмотр может производиться с участием свидетелей, эксперта и специалиста, о чем суд выносит постановление.
2. По прибытии на место осмотра председательствующий судья объявляет о продолжении судебного заседания и суд приступает к осмотру. При этом обвиняемому, потерпевшему, свидетелям, эксперту и специалисту могут быть заданы вопросы в связи с осмотром.
3. Результаты осмотра отражаются в протоколе судебного заседания.
4. В случае расположения таких местностей или помещений на территории других районов могут быть применены технические средства видеоконференцсвязи в порядке исполнения судебного поручения районным (городским) судом по месту их нахождения.
 "
92e9371b-6814-422e-9d8a-eb123400ed89,Кодекс Кыргызской Республики о правонарушениях,"Статья 359. Выдача товара без разрешения таможенного органа
 
1. Выдача (передача) товара или транспортного средства, находящихся под таможенным контролем, без разрешения таможенного органа иным лицам либо их утрата –
влечет наложение штрафа на физических лиц в размере 10 расчетных показателей, на юридических лиц – 50 расчетных показателей.
2. Утрата или недоставление принятых для вручения таможенному органу Кыргызской Республики таможенных или иных документов на товар или транспортное средство, находящиеся под таможенным контролем, –
влекут наложение штрафа на физических лиц в размере 30 расчетных показателей, на юридических лиц – 130 расчетных показателей.
3. Несоблюдение установленного таможенным органом срока доставки товара, транспортного средства и документов на них –
влечет наложение штрафа на физических лиц в размере 30 расчетных показателей, на юридических лиц – 130 расчетных показателей.
4. Недоставление в определенное таможенным органом место доставки товара или транспортного средства, находящихся под таможенным контролем, и невручение документов на них –
влечет наложение штрафа на физических лиц в размере 30 расчетных показателей, на юридических лиц – 130 расчетных показателей.
 "
2d7e209e-7577-4b4d-9e28-037c5fc4784b,Гражданский процессуальный кодекс Кыргызской Республики,"Статья 216. Право суда приостановить производство
Суд может по заявлению лиц, участвующих в деле, или по своей инициативе приостановить производство по делу в случаях:
1) пребывания стороны на военной службе по призыву в Вооруженных Силах, других войсках или воинских формированиях Кыргызской Республики или привлечения ее для выполнения какой-либо государственной обязанности;
2) реорганизации юридического лица, являвшегося стороной в деле, если спорное правоотношение допускает правопреемство;
3) нахождения стороны в лечебном учреждении или при наличии у нее заболевания, которое препятствует явке в суд и подтверждается справкой медицинского учреждения;
4) назначения судом экспертизы;
5) направления судебного поручения;
6) направления официального запроса в государственные органы или органы местного самоуправления о толковании нормативных правовых актов или для получения необходимой информации или документов, требуемых для вынесения законного и обоснованного решения;
7) (утратил силу в соответствии с Законом КР от 15 февраля 2024 года N 45)
8) заключения сторонами договора о применении медиации.
9) обнаружения судом неопределенности в вопросе о соответствии Конституции Кыргызской Республики примененного или подлежащего применению в данном деле закона или иного нормативного правового акта и направления по этому поводу запроса в Конституционный суд Кыргызской Республики.
(В редакции Законов Кыргызской Республики от 11 апреля 2023 года № 85, 11 апреля 2023 года № 86, 15 февраля 2024 года N 45)"
3a4e8cf0-c5a1-4e18-b645-b556c003ce10,Гражданский Кодекс КР Часть II,"Статья 460. Продажа товаров по образцам
 
1. Договор розничной купли-продажи может быть заключен с покупателем по образцу товара (его описанию, каталогу и т.п.), предложенному продавцом.
2. Если иное не предусмотрено законом, другими нормативными правовыми актами или договором розничной купли-продажи товара по образцу, такой договор считается исполненным с момента доставки товара в место, указанное в договоре, а если место передачи товара договором не определено, - с момента доставки товара покупателю по месту жительства гражданина или месту нахождения юридического лица.
3. Покупатель до передачи товара вправе отказаться от исполнения договора розничной купли-продажи при условии возмещения продавцу необходимых расходов, понесенных в связи с совершением действий по выполнению договора.
 "
032f7536-4930-4f34-a2d4-ab7534276a20,Трудовой кодекс КР,"Статья 365. Процентная надбавка к должностным окладам
Лицам, работающим в высокогорных районах и отдаленных и труднодоступных зонах, выплачивается процентная надбавка к должностным окладам за стаж работы в данных районах или местностях. Размер процентной надбавки к должностным окладам и порядок ее выплаты устанавливаются Правительством Кыргызской Республики.
(В редакции Закона КР от 30 марта 2009 года № 103)"
0633299f-0784-4bb7-9c49-d9483ab71e01,Трудовой кодекс КР,"Статья 97. Работа в ночное время
Ночным считается время с 22 часов вечера до 6 часов утра.
Продолжительность работы (смены) в ночное время сокращается на 1 час.
Не сокращается продолжительность работы (смены) в ночное время для работников, которым установлена сокращенная продолжительность рабочего времени, а также для работников, принятых специально для работы в ночное время, если иное не предусмотрено коллективным договором.
Продолжительность работы в ночное время уравнивается с дневной в тех случаях, когда это необходимо по условиям труда (в непрерывно действующих производствах, организациях и т.п.), а также на сменных работах при шестидневной рабочей неделе с 1 выходным днем. Список указанных работ может определяться коллективным договором, локальным нормативным актом.
Лица с ограниченными возможностями здоровья и беременные женщины, могут привлекаться к работе в ночное время, если такая работа не запрещена им по медицинским показаниям.
Женщины, имеющие детей в возрасте до 3 лет, работники, имеющие детей с ограниченными возможностями здоровья, могут привлекаться к работе в ночное время только с их согласия.
Не допускаются к работе в ночное время лица в возрасте до 18 лет.
Порядок работы в ночное время творческих работников организации кинематографии, теле- и видеосъемочных коллективов, театров, театральных и концертных организаций, цирков, средств массовой информации и профессиональных спортсменов в соответствии с перечнями категорий этих работников, утверждаемыми Правительством Кыргызской Республики, может определяться коллективным договором, локальным нормативным актом либо соглашением сторон трудового договора."
34d910b2-7254-4829-a578-f4b473eb96da,Кодекс Кыргызской Республики о правонарушениях,"Статья 395. Нарушение в сфере электроэнергетики
 
1. Необеспечение электрической энергией потребителя, который не нарушает своих обязанностей перед энергопоставщиком, или потребителя, отключение которого от энергоснабжения запрещено, –
влечет наложение штрафа на юридических лиц в размере 350 расчетных показателей.
2. Нарушение энергопоставщиком, осуществляющим снабжение электрической энергией на закрепленной территории, правил пользования электрической энергией, –
влечет наложение штрафа на юридических лиц в размере 450 расчетных показателей.
 "
6e96eccc-4807-428c-bfe7-5b6086750192,Гражданский процессуальный кодекс Кыргызской Республики,"Статья 163. Проверка явки участников процесса
1. Секретарь судебного заседания докладывает суду, кто из вызванных по данному делу лиц явился, извещены ли неявившиеся лица и какие имеются сведения о причинах их отсутствия.
2. Председательствующий устанавливает личность явившихся, а также проверяет полномочия должностных лиц и представителей."
09590c8e-29a3-4a02-992d-00bc463df77b,Трудовой кодекс КР,"Статья 400. Взаимодействие уполномоченных государственных органов в области надзора и контроля за соблюдением трудового законодательства
Уполномоченные государственные органы в области надзора и контроля за соблюдением трудового законодательства осуществляют свою деятельность во взаимодействии с органами исполнительной власти, органами местного самоуправления, другими государственными надзорно-контрольными органами, органами прокуратуры, объединениями профсоюзов и работодателей, другими организациями.
Координацию деятельности органов государственного надзора и контроля и общественного контроля по вопросам соблюдения законов и иных нормативных правовых актов о труде и охране труда осуществляет уполномоченный государственный орган в области надзора и контроля за соблюдением трудового законодательства."
3da0d303-7e51-4ba9-a6f5-43a9b56d9463,Уголовно-процессуальный кодекс Кыргызской Республики,"Статья 309. Замечания на протокол судебного заседания и их рассмотрение
 
1. В течение 5 суток со дня ознакомления с протоколом судебного заседания стороны могут подать на него замечания.
2. Замечания на протокол судебного заседания рассматриваются председательствующим судьей в течение 5 дней со дня их подачи.
В необходимых случаях председательствующий судья вправе вызвать лиц, подавших замечания, для уточнения их содержания.
3. В результате рассмотрения замечаний председательствующий судья выносит постановление об удостоверении их правильности либо их отклонении. Замечания на протокол и постановление председательствующего судьи приобщаются к протоколу судебного заседания.
 "
5a3512b9-1085-4778-8867-7cd9160f6ab8,Налоговый кодекс Кыргызской Республики,"Статья 48. Кабинет налогоплательщика
1. Кабинет налогоплательщика (далее - кабинет) - онлайн-сервис, предоставляемый уполномоченным налоговым органом, предназначенный для дистанционного взаимодействия между органом налоговой службы и налогоплательщиком по вопросам исчисления и уплаты налогов, с учетом особенностей, предусмотренных настоящей статьей. 
2. Порядок получения налогоплательщиком доступа к его кабинету определяется уполномоченным налоговым органом.
3. Налогоплательщик через свой кабинет:
1) получает от органа налоговой службы электронные документы, используемые в отношениях, регулируемых налоговым законодательством Кыргызской Республики;
2) представляет в органы налоговой службы электронные документы, определенные налоговым законодательством Кыргызской Республики, включая сканированные копии документов на бумажном носителе.
Электронные документы признаются равнозначными документам на бумажном носителе, подписанным собственноручной подписью налогоплательщика или руководителя органа налоговой службы.
Если иное не предусмотрено настоящим Кодексом, направление документов на бумажном носителе не требуется, если электронные документы направлены налогоплательщику или переданы им через его кабинет."
c5c77412-bad9-480c-83b9-ef9cdb595f9d,Кодекс Кыргызской Республики о правонарушениях,"Статья 288. Заключение хозяйствующим субъектом (группой лиц) ограничивающего конкуренцию соглашения (картеля) или осуществление ограничивающих конкуренцию согласованных действий
 
1. Заключение хозяйствующим субъектом (группой лиц) ограничивающих конкуренцию и недопустимых в соответствии с антимонопольным законодательством соглашений (картелей) или осуществление согласованных действий, а равно любые иные соглашения, следствием которых явилось ограничение конкуренции на соответствующем товарном рынке, за период, установленный по результатам анализа конкурентного рынка, –
влечет наложение штрафа на юридических лиц в размере 650 расчетных показателей либо в размере от одного до пятнадцати процентов суммы выручки правонарушителя от реализации товаров (работ, услуг), на рынке которого совершено правонарушение, либо в размере суммы расходов правонарушителя на приобретение товара (работы, услуги), на рынке которого совершено правонарушение.
2. Заключение хозяйствующим субъектом недопустимого в соответствии с антимонопольным законодательством «вертикального» соглашения либо участие в нем –
влечет наложение штрафа на физических лиц, должностных лиц в размере 200 расчетных показателей, на юридических лиц – от одной сотой до пяти сотых размера суммы выручки правонарушителя от реализации товара (работы, услуги), на рынке которого совершено правонарушение, либо в размере суммы расходов правонарушителя на приобретение товара (работы, услуги), на рынке которого совершено правонарушение, а в случае, если сумма выручки правонарушителя от реализации товара (работы, услуги), на рынке которого совершено правонарушение, либо сумма расходов правонарушителя на приобретение товара (работы, услуги), на рынке которого совершено правонарушение, превышает 75 процентов совокупного размера суммы выручки правонарушителя от реализации всех товаров (работ, услуг) или правонарушение совершено на рынке товаров (работ, услуг), реализация которых осуществляется по регулируемым в соответствии с законодательством ценам (тарифам), – от двух тысячных до двух сотых размера суммы выручки правонарушителя от реализации товара (работы, услуги), на рынке которого совершено правонарушение.
Примечание. При расчете кратности суммы оборотного штрафа учитываются смягчающиеся и отягчающиеся обстоятельства, предусмотренные настоящим Кодексом и/или нормативными правовыми актами, регулирующими указанную сферу правонарушения.
 "
24038d81-3959-43b0-83a8-a0d6dc706a81,Гражданский Кодекс КР Часть II,"Статья 996. Причинение вреда в состоянии крайней необходимости
 
Вред, причиненный в состоянии крайней необходимости, то есть для устранения опасности, угрожающей самому причинителю вреда или другим лицам, если эта опасность при данных обстоятельствах не могла быть устранена иными средствами, должен быть возмещен лицом, причинившим вред.
Учитывая обстоятельства, при которых был причинен такой вред, суд может возложить обязанность его возмещения на третье лицо, в интересах которого действовал причинивший вред, либо освободить от возмещения вреда полностью или частично как это третье лицо, так и причинившего вред.
 "
db2e0570-501e-4b48-97ac-72f4ae2c34b6,Уголовно-процессуальный кодекс Кыргызской Республики,"Статья 332. Допрос эксперта
 
1. По ходатайству сторон или по собственной инициативе суд вправе вызвать для допроса эксперта, давшего заключение в ходе досудебного производства либо в судебном разбирательстве, для разъяснения или дополнения данного им заключения.
2. Вопросы эксперту задают стороны, при этом первой вопросы задает сторона, по ходатайству которой назначена экспертиза. Председательствующий судья вправе задать эксперту вопросы в любой момент допроса.
 "
1dc53578-7fbc-41af-879d-4a7412b6d7c1,Трудовой кодекс КР,"Статья 339. Оплачиваемые отпуска
Работникам, заключившим трудовой договор на срок до 2 месяцев, предоставляются оплачиваемые отпуска из расчета 2 рабочих дня за месяц работы."
8effa335-8614-471c-8172-6b6daa40e24f,Гражданский процессуальный кодекс Кыргызской Республики,"Статья 430. Форма и содержание заявления о признании и приведении в исполнение решения иностранного суда
1. Заявление о признании и приведении в исполнение решения иностранного суда подается в письменной форме машинописным текстом и должно быть подписано взыскателем или его представителем.
2. Заявление должно содержать:
1) наименование суда, в который подается заявление;
2) наименование и место нахождения иностранного суда;
3) наименование взыскателя, его представителя, если заявление подается представителем, указание их места жительства или места нахождения;
4) наименование должника, указание его места жительства или места нахождения либо места нахождения имущества должника;
5) просьбу взыскателя о признании и приведении в исполнение решения иностранного суда или об указании, с какого момента требуется его исполнение;
6) перечень прилагаемых документов.
В заявлении о признании и приведении в исполнение решения иностранного суда могут быть также указаны номера телефонов, факсов, адреса электронной почты взыскателя, должника, их представителей и иные сведения, если они необходимы для правильного и своевременного рассмотрения дела.
3. К заявлению о признании и приведении в исполнение решения иностранного суда прилагаются документы, предусмотренные вступившим в установленном законом порядке в силу международным договором, участницей которого является Кыргызская Республика, а если это не предусмотрено международным договором, прилагаются следующие документы:
1) решение иностранного суда либо удостоверенная надлежащим образом копия решения иностранного суда, о признании и приведении в исполнение которого ходатайствует взыскатель;
2) официальный документ, подтверждающий, что решение иностранного суда вступило в законную силу и подлежит исполнению или о том, что оно подлежит исполнению до вступления в законную силу, если это не следует из самого решения;
3) документ, удостоверенный надлежащим образом и подтверждающий, что должник был своевременно и в надлежащей форме извещен о разбирательстве дела в иностранном суде, о признании и приведении в исполнение решения которого ходатайствует взыскатель;
4) документ о полном или частичном исполнении решения иностранного суда, если оно ранее исполнялось на территории соответствующего иностранного государства;
5) доверенность или иной документ, удостоверенные надлежащим образом и подтверждающие полномочия лица, подписавшего заявление в суд;
6) документ, подтверждающий направление должнику копии заявления о признании и приведении в исполнение решения иностранного суда;
7) документ, подтверждающий соглашение сторон по делам договорной подсудности;
8) заверенный надлежащим образом перевод указанных в пунктах 1-7 настоящей части документов на государственный или официальный язык."
6079cf58-c696-44f7-886b-c9dccab543ea,Водный кодекс Кыргызской Республики,"Статья 90. Ответственность за нарушение водного законодательства Кыргызской Республики
1. Нарушением водного законодательства Кыргызской Республики является:
- использование воды в нарушение порядка, установленного Государственной водной администрацией;
- (абзац третий утратил силу в соответствии с Законом КР от 10 октября 2012 года № 170)
- (абзац четвертый утратил силу в соответствии с Законом КР от 10 октября 2012 года № 170)
- (абзац пятый утратил силу в соответствии с Законом КР от 10 октября 2012 года № 170)
- использование воды из артезианской (самоизливающей) скважины без применения специального оборудования, позволяющего полностью перекрывать поступление воды из скважины;
- (абзац седьмой утратил силу в соответствии с Законом КР от 10 октября 2012 года № 170)
- (абзац восьмой утратил силу в соответствии с Законом КР от 10 октября 2012 года № 170)
- сброс отходов или загрязнителей в водный объект, водохозяйственное сооружение или земли водного фонда без разрешения на сброс или в их нарушение;
- сброс запрещенных веществ в водный объект, водохозяйственное сооружение или земли водного фонда;
- (абзац одиннадцатый утратил силу в соответствии с Законом КР от 10 октября 2012 года № 170)
- нарушение правил и положений по предотвращению загрязнения территориальными источниками загрязнения;
- невыполнение работ по охране водных ресурсов;
- нарушение правил по охране подземных вод;
- нанесение ущерба и другого вреда ледникам;
- нарушение правил в зонах санитарной охраны;
- нарушение правил в зонах формирования стока;
- нарушение правил в зонах охраны подземных вод;
- нарушение правил в водоохранных зонах;
- нарушение правил, касающихся защиты от схода селей;
- нарушение установленного порядка при засухе;
- нарушение правил по безопасности плотин;
- (абзац двадцать третий утратил силу в соответствии с Законом КР от 10 октября 2012 года № 170)
- нарушение правил по использованию земель водного фонда;
- препятствие государственному водному инспектору при исполнении им служебных обязанностей и незаконный отказ предоставить информацию.
2. Лица, нарушившие водное законодательство Кыргызской Республики, несут уголовную, административную и иную ответственность в соответствии с законодательством Кыргызской Республики.
3. Законодательство Кыргызской Республики может устанавливать ответственность и за другие виды нарушений водного законодательства.
(В редакции Закона КР от 10 октября 2012 года № 170)"
3900a98d-0e2c-4d0e-8f27-a5c8476243ff,Земельный кодекс Кыргызской Республики,"Статья 74. Особо ценные сельскохозяйственные угодья
1. К особо ценным сельскохозяйственным угодьям относятся: орошаемая и богарная пашня, залежь, земли, занятые многолетними плодовыми насаждениями, культурные пастбища, сенокосы и пастбища коренного улучшения.
2. На особо ценных сельскохозяйственных угодьях не допускается строительство зданий и сооружений, кроме гидротехнических сооружений, теплиц и сооружений системы капельного орошения на орошаемой пашне.
3. Перевод (трансформация) особо ценных сельскохозяйственных угодий в другие виды угодий осуществляется в случаях, установленных законодательством Кыргызской Республики.
(В редакции Законов КР от 17 июня 2015 года № 134, 25 июля 2016 года № 137)
 "
e1b7f9d7-9dfe-46cd-9422-e4c47455c3a1,Уголовно-процессуальный кодекс Кыргызской Республики,"Статья 173. Осмотр вещественных доказательств
 
1. Предметы, обнаруженные при осмотре места происшествия, изъятые при проведении обыска, выемки, следственного эксперимента или других следственных действий либо представленные по требованию следователя физическими, юридическими лицами, подлежат осмотру по правилам, установленным статьей 172 настоящего Кодекса.
2. После осмотра указанные предметы могут быть признаны в соответствии со статьей 86 настоящего Кодекса вещественными доказательствами.
О признании предмета вещественным доказательством и приобщении его к делу следователь выносит постановление, в котором также должен быть решен вопрос об оставлении вещественного доказательства в деле или сдаче его на хранение владельцу или иным лицам, организациям.
3. Порядок изъятия, учета, хранения и передачи вещественных доказательств по уголовным делам следователем определяется в соответствии со статьями 86 и 87 настоящего Кодекса.
 "
7d6d1bbf-e0db-40bf-9c62-a2772ed99fb9,Кодекс Кыргызской Республики о правонарушениях,"Статья 559. Давность исполнения постановлений о наложении взыскания
 
1. Постановление о наложении взыскания не подлежит исполнению, если оно не было приведено в исполнение в течение трех лет со дня его вступления в законную силу.
2. Течение срока давности прерывается, если лицо, привлеченное к ответственности за правонарушение, уклоняется от исполнения постановления о наложении взыскания, исчисление срока давности в этом случае возобновляется со дня обнаружения этого лица.
 "
90ae2d5c-c301-45d1-825b-987fd7f960bd,Гражданский Кодекс КР Часть II,"Статья 590. Форма и государственная регистрация договора аренды здания или сооружения
 
Договор аренды здания или сооружения заключается в письменной форме путем составления одного документа, подписанного сторонами (пункт 2 статьи 395), подлежит нотариальному удостоверению и государственной регистрации.
Несоблюдение формы договора аренды здания или сооружения влечет его недействительность.
 "
dc956628-6bea-48cc-9a4c-aed4227b2679,Гражданский Кодекс КР Часть II,"Статья 731. Целевой заем
 
1. Если иное не предусмотрено договором займа, заемщик использует полученные по договору займа средства по своему усмотрению.
2. Если договор займа заключен с условием использования заемщиком полученных средств на определенные цели (целевой заем), заемщик обязан обеспечить возможность осуществления займодавцем контроля за целевым использованием суммы займа.
3. В случае невыполнения заемщиком условия договора о целевом использовании суммы займа, а также при нарушении обязанностей, предусмотренных пунктом 2 настоящей статьи, займодавец вправе потребовать от заемщика досрочного возврата суммы займа и уплаты причитающихся процентов, если иное не предусмотрено договором.
 "
5a4da8c4-15fb-4ab6-97bc-f16e312eb11b,Гражданский Кодекс КР Часть II,"Статья 1029. Обязанность возвратить неосновательное обогащение
 
1. Лицо, которое без установленных законом или сделкой оснований приобрело или сберегло имущество (приобретатель) за счет другого лица (потерпевшего), обязано возвратить последнему неосновательно приобретенное или сбереженное имущество (неосновательное обогащение), за исключением случаев, предусмотренных статьей 1036 настоящего Кодекса.
2. Правила, предусмотренные настоящей главой, применяются независимо от того, явилось ли неосновательное обогащение результатом поведения приобретателя имущества, самого потерпевшего, третьих лиц или произошло помимо их воли.
 "
b26cd649-5e9d-44ce-bed4-e5c642bf5a1e,Уголовный кодекс Кыргызской Республики,"Статья 297. Создание опасности для потребителей
 
1. Производство или продажа товаров, выполнение работ либо оказание услуг, не отвечающих требованиям безопасности жизни или здоровья потребителей, а равно неправомерные выдача или использование официального документа, удостоверяющего соответствие указанных товаров, работ или услуг требованиям безопасности, повлекшие по неосторожности значительный вред, –
наказываются лишением свободы на срок до двух лет с лишением права занимать определенные должности либо заниматься определенной деятельностью на срок до трех лет или исправительными работами на срок от двух месяцев до одного года, или штрафом от 200 до 500 расчетных показателей.
2. Те же деяния, совершенные:
1) в отношении товаров, работ или услуг, предназначенных для детей, не достигших четырнадцати лет;
2) с причинением по неосторожности тяжкого вреда, –
наказываются штрафом от 500 до 1000 расчетных показателей или лишением свободы на срок от двух до пяти лет с лишением права занимать определенные должности либо заниматься определенной деятельностью на срок от двух до пяти лет.
Глава 38. Преступления против экологической безопасности и природной среды"
3d962be9-1496-4279-8543-6a52e26f5500,Гражданский Кодекс КР Часть II,"Статья 519. Договор ренты
 
1. По договору ренты одна сторона (получатель ренты) передает другой стороне (плательщику ренты) в собственность недвижимое или движимое имущество, а плательщик ренты обязуется в обмен на полученное имущество периодически выплачивать получателю ренту в виде определенной денежной суммы либо предоставления средств на его содержание в иной форме.
2. По договору ренты допускается установление обязанности выплачивать ренту бессрочно (постоянная рента) или на срок жизни получателя ренты (пожизненная рента). Пожизненная рента может быть установлена на условиях пожизненного содержания гражданина.
 "
afce0744-7277-41e8-a08b-e442e70af4fc,Уголовно-процессуальный кодекс Кыргызской Республики,"Статья 240. Привлечение в качестве обвиняемого
 
1. При наличии достаточных доказательств, указывающих на совершение преступления данным лицом, следователь выносит мотивированное постановление о привлечении лица в качестве обвиняемого.
2. Дата и время привлечения в качестве обвиняемого, правовая квалификация преступления, в совершении которого обвиняется лицо, с указанием статьи (части статьи) Уголовного кодекса безотлагательно вносятся следователем в Единый реестр преступлений. 
3. Факт внесения сведений в отношении лица в Единый реестр преступлений до его привлечения в качестве обвиняемого в соответствии с положениями настоящей статьи не влечет каких-либо правовых последствий для этого лица.
 "
fd5cd047-af96-4067-99a9-9c7cac79823b,Трудовой кодекс КР,"Статья 149. Срок действия дисциплинарного взыскания
Дисциплинарное взыскание действует в течение 1 года со дня его применения. Если в течение этого срока работник не будет подвергнут новому дисциплинарному взысканию, то он считается не имеющим дисциплинарного взыскания.
Работодатель, применяющий дисциплинарное взыскание, вправе снять его до истечения года по собственной инициативе, по просьбе работника, по ходатайству представительных органов работников или непосредственного руководителя работника."
7fbd29e4-64c0-4166-9bc0-7f649133cac5,Семейный кодекс Кыргызской Республики,"Статья 92. Обязанности совершеннолетних детей по содержанию родителей
 
1. Трудоспособные совершеннолетние дети обязаны содержать своих нетрудоспособных нуждающихся в помощи родителей и заботиться о них.
2. При отсутствии соглашения об уплате алиментов алименты на нетрудоспособных нуждающихся в помощи родителей взыскиваются с трудоспособных совершеннолетних детей в судебном порядке.
3. Размер алиментов, взыскиваемых с каждого из детей, определяется судом исходя из материального и семейного положения родителей и детей и других заслуживающих внимания интересов сторон в твердой денежной сумме, подлежащей уплате ежемесячно.
4. При определении размера алиментов суд вправе учесть всех трудоспособных совершеннолетних детей данного родителя независимо от того, предъявлено требование ко всем детям, к одному из них или к нескольким из них.
5. Дети могут быть освобождены от обязанности по содержанию своих нетрудоспособных нуждающихся в помощи родителей, если судом будет установлено, что родители уклонялись от выполнения обязанностей родителей.
Дети освобождаются от уплаты алиментов родителям, лишенным родительских прав.
 "
3052f1fc-9141-403f-ab0a-96153450545b,Гражданский Кодекс КР Часть I,"Статья 89. Фирменное наименование и место нахождения юридического лица
1. Юридическое лицо имеет свое фирменное наименование, содержащее указание на его вид, организационно-правовую форму и характер его деятельности.
Включение в фирменное наименование юридического лица указаний на официальное полное или сокращенное название Кыргызской Республики, включение такого названия либо элементов государственной символики в реквизиты документов или рекламные материалы юридического лица допускается в порядке, определяемом Кабинетом Министров Кыргызской Республики.
Юридические лица с частной формой собственности не вправе использовать в своем фирменное наименовании названия государственных (муниципальных) органов, а также названия должностей, относящихся к политическим (специальным) и высшим административным государственным должностям.
2. Место нахождения юридического лица определяется местом его государственной регистрации, если в соответствии с законодательством в сфере регистрации юридических лиц в учредительных документах юридического лица не установлено иное.
3. Фирменное наименование юридического лица указывается в его учредительных документах.
4. Юридическое лицо должно иметь фирменное наименование.
Требования к фирменному наименованию устанавливаются настоящим Кодексом, а также законодательством в сфере регистрации юридических лиц. Права на фирменное наименование определяются в соответствии с правилами раздела V настоящего Кодекса.
(В редакции Законов Кыргызской Республики от 21 апреля 2014 года № 61, 23 июля 2016 года № 133, 28 февраля 2023 года № 44)
 "
21ec195b-1ef9-4bfb-b4be-c2d8abf2e165,Гражданский процессуальный кодекс Кыргызской Республики,"Статья 237. Обжалование заочного решения
1. Ответчик, не присутствовавший в судебном заседании, вправе подать в суд, вынесший заочное решение, заявление об отмене этого решения в течение пяти дней с момента получения копии решения.
2. Заочное решение может быть обжаловано сторонами и (или) иными лицами, права и интересы которых затронуты соответствующим решением в апелляционном порядке по истечении срока на подачу заявления об отмене этого решения, а в случае, если заявление подано, - в течение десяти дней с момента вынесения определения об отказе в удовлетворении заявления. Срок на подачу апелляционной жалобы в любом случае не может быть менее срока, предусмотренного статьей 324 настоящего Кодекса."
a5492612-829b-4764-bc9d-1a72c3b2cece,Кодекс Кыргызской Республики о правонарушениях,"Статья 36. Временное изъятие имущества
 
1. Временное изъятие имущества осуществляется в принудительном порядке на основании решения суда, уполномоченного органа путем изъятия предметов и других вещей, которые:
1) являются средством, а также предметом (орудием) совершения или объектом правонарушения;
2) получены в результате совершения правонарушения.
О временном изъятии имущества делается отметка в протоколе о правонарушении.
2. Временное изъятие имущества и его последующее хранение до момента принятия решения о его дальнейшем направлении осуществляются уполномоченным органом, а по делам, подведомственным судам, – органом, составившим протокол о правонарушении. 
3. Вопрос о возвращении собственнику, уничтожении или конфискации в доход государства временно изъятого имущества разрешается судом в порядке, предусмотренном статьей 540 настоящего Кодекса.
 "
7c6bf49c-f71f-4415-adff-8e654d339efe,Гражданский Кодекс КР Часть II,"Статья 501. Передача предприятия
 
1. Передача предприятия продавцом покупателю осуществляется по передаточному акту, в котором указываются данные о составе предприятия и об уведомлении кредиторов о продаже предприятия, а также сведения о выявленных недостатках переданного имущества, обязанности по передаче которого невозможны ввиду его утраты.
Подготовка предприятия к передаче, включая составление и представление на подписание передаточного акта, является обязанностью продавца и осуществляется за его счет, если иное не предусмотрено договором.
2. Предприятие считается переданным покупателю со дня подписания передаточного акта обеими сторонами.
С этого момента на покупателя переходит риск случайной гибели или случайного повреждения имущества, переданного в составе предприятия.
 "
7c6a2c3d-b798-4fd9-bd20-3bb7ea43a1c0,Налоговый кодекс Кыргызской Республики,"Статья 88. Общие условия изменения срока исполнения налогового обязательства и погашения налоговой задолженности
1. Изменением срока исполнения налогового обязательства, а также погашения налоговой задолженности (далее - сумма налоговой задолженности) признается перенос установленного срока уплаты суммы налоговой задолженности на более поздний срок.
2. Изменение срока уплаты суммы налоговой задолженности допускается исключительно в порядке, предусмотренном настоящей главой.
Срок уплаты может быть изменен в отношении всей подлежащей уплате суммы налоговой задолженности либо ее части с начислением процентов на неуплаченную сумму налоговой задолженности, если иное не предусмотрено настоящей главой.
3. Изменение срока уплаты суммы налоговой задолженности осуществляется в форме отсрочки и/или рассрочки.
4. Изменение срока уплаты суммы налоговой задолженности не отменяет существующей и не создает новой обязанности по ее уплате.
5. Изменение срока уплаты суммы налоговой задолженности производится исключительно под банковскую гарантию, за исключением случаев, предусмотренных статьей 34 настоящего Кодекса.
6. Положения настоящей статьи не распространяются на сумму налоговой задолженности по акцизному налогу.
 "
c8fa836c-2e3f-46d6-b4ea-ad632a32510b,Кодекс Кыргызской Республики о правонарушениях,"Статья 500. Защитник, представитель и адвокат
 
1. Для оказания юридической помощи лицу, привлекаемому к ответственности за правонарушение, а также его законному представителю, в производстве по делу о правонарушении может участвовать защитник, а для оказания юридической помощи пострадавшему – представитель.
2. В качестве защитника или представителя к участию в производстве по делу о правонарушении допускается адвокат или иное лицо.
3. Полномочия адвоката удостоверяются ордером. Полномочия иного лица, оказывающего юридическую помощь, удостоверяются доверенностью, оформленной в соответствии с законодательством.
4. Адвокат, защитник и представитель допускаются к участию в деле с момента фактического задержания лица или составления протокола о правонарушении.
5. Защитник и представитель имеют те же права, что и подзащитный, кроме прав, предусмотренных в пунктах 1, 3, 9, 13 части 1 статьи 498 настоящего Кодекса.
 "
d7af18d3-5764-43c8-9fb7-bcfc3e34f65b,Земельный кодекс Кыргызской Республики,"Статья 54. Добровольный сервитут
 
В договор об установлении сервитута (добровольный сервитут) включаются:
1) описание участка, обремененного сервитутом, и участка, в интересах которого установлен сервитут;
2) условия и сроки установления сервитута;
3) план или карта участка с указанием места нахождения сервитута.
 "
d7016428-6b65-449c-83f7-d9691a2e9856,Гражданский Кодекс КР Часть II,"Статья 841. Последствия смерти гражданина либо ликвидации юридического лица - комитента
 
В случае смерти гражданина-комитента, признания его недееспособным, а также в случае ликвидации юридического лица - комитента комиссионер обязан продолжать исполнение данного ему поручения до тех пор, пока от наследников или представителей комитента не поступят надлежащие указания.
 "
ebaa8214-5481-46c4-91dd-6d12763e72e4,Уголовно-процессуальный кодекс Кыргызской Республики,"Статья 2. Действие настоящего Кодекса в пространстве
 
1. Конституция имеет высшую юридическую силу и прямое действие на всей территории Кыргызской Республики. В случае противоречия между нормами настоящего Кодекса и Конституцией действуют нормы Конституции.
2. Уголовное судопроизводство на территории Кыргызской Республики независимо от места совершения преступления ведется в соответствии с настоящим Кодексом, если международными договорами Кыргызской Республики не установлены иные правила действия настоящего Кодекса в пространстве.
3. В случае противоречия между нормами настоящего Кодекса и конституционным законом Кыргызской Республики действует конституционный закон. В случае противоречия между нормами настоящего Кодекса и иными законами действуют нормы настоящего Кодекса.
 "
894ad10b-a2cd-4791-b695-151cedda080d,Трудовой кодекс КР,"Статья 357. Документы, подтверждающие работу у работодателей физических лиц
Документом, подтверждающим время работы у работодателя - физического лица, является письменный трудовой договор или запись в трудовой книжке.
Работодатель - физическое лицо, зарегистрированное в качестве индивидуального предпринимателя, имеющее печать, вправе производить записи в трудовых книжках работников, а также оформлять трудовые книжки на работников, принимаемых на работу впервые.
(В редакции Закона КР от 30 марта 2009 года № 103)
Глава 32
Особенности регулирования труда надомников
 "
bc79f96c-2dac-4aea-bda7-ac52f94a2705,Налоговый кодекс Кыргызской Республики,"Статья 91. Порядок и условия предоставления отсрочки или рассрочки по уплате суммы налоговой задолженности
1. Если иное не предусмотрено настоящей статьей, отсрочка или рассрочка по уплате суммы налоговой задолженности представляет собой изменение срока ее уплаты при наличии оснований, предусмотренных настоящей статьей, на срок от одного месяца до 3 лет с единовременной уплатой налогоплательщиком суммы налоговой задолженности (далее - отсрочка) и/или поэтапной уплаты налогоплательщиком суммы налоговой задолженности (далее - рассрочка).
Отсрочка или рассрочка по НДС на импорт товаров из государств-членов ЕАЭС может быть предоставлена на срок не более 6 месяцев с даты принятия налогоплательщиком на учет импортируемых товаров.
2. Отсрочка или рассрочка может быть представлена налогоплательщику по его заявлению в отношении суммы налоговой задолженности, образовавшейся и не погашаемой налогоплательщиком по одной из следующих причин:
1) причинение этому налогоплательщику ущерба в результате обстоятельств непреодолимой силы;
2) задержка этому налогоплательщику финансирования или оплаты из бюджета за поставленные товары, выполненные работы и оказанные услуги этим налогоплательщиком, а также в рамках деятельности в соответствии с законодательством Кыргызской Республики о государственно-частном партнерстве; 
3) если финансовое или имущественное положение налогоплательщика исключает возможность единовременной уплаты суммы налоговой задолженности в том случае, когда предоставление отсрочки и/или рассрочки будет способствовать исполнению налогового обязательства.
3. Отсрочка и/или рассрочка могут быть предоставлены по одному или нескольким налогам.
4. Если отсрочка или рассрочка предоставлена по основаниям, указанным в пункте 3 части 2 настоящей статьи, на сумму налоговой задолженности начисляются проценты исходя из двукратной учетной ставки Национального банка от суммы отсроченной или рассроченной суммы налоговой задолженности. Проценты начисляются за каждый день периода, в котором предоставлена отсрочка или рассрочка.
Если отсрочка или рассрочка предоставлена по основаниям, указанным в пунктах 1 и 2 части 2 настоящей статьи, на сумму этой налоговой задолженности проценты не начисляются.
5. Пени и налоговые санкции на отсроченную или рассроченную сумму налоговой задолженности не начисляются.
6. Заявление о предоставлении отсрочки или рассрочки с указанием оснований подается в налоговый орган по месту текущего налогового учета или учетной регистрации налогоплательщика. Если иное не установлено настоящим Кодексом, к этому заявлению прилагаются документы, подтверждающие наличие оснований, указанных в части 2 настоящей статьи, и документы о банковской гарантии уплаты отсроченной или рассроченной суммы налоговой задолженности. 
7. Решение о предоставлении отсрочки или рассрочки или об отказе в их предоставлении принимается налоговым органом в течение 10 календарных дней, следующих за днем получения заявления налогоплательщика.
В период рассмотрения заявления налогоплательщика налоговыми органами приостанавливаются меры принудительного взыскания налоговой задолженности.
8. При выполнении требований, установленных настоящей главой, в случае отсутствия обстоятельств, исключающих изменение срока уплаты суммы налоговой задолженности, налоговый орган не вправе отказать налогоплательщику в отсрочке или рассрочке по основаниям, указанным в пункте 1 или 2 части 2 настоящей статьи, в пределах соответственно суммы причиненного налогоплательщику ущерба либо суммы недофинансирования или неоплаты из бюджета за поставленные товары, выполненные работы и оказанные услуги этим налогоплательщиком.
9. Решение о предоставлении отсрочки или рассрочки должно содержать указание на налог, по уплате которого предоставляется отсрочка или рассрочка, сумму налоговой задолженности, сроки и порядок уплаты суммы налоговой задолженности и начисляемых процентов, а также в случаях, установленных настоящим Кодексом, документы о банковской гарантии уплаты отсроченной или рассроченной суммы налоговой задолженности.
Решение о предоставлении отсрочки или рассрочки вступает в силу со дня, установленного в этом решении. При этом причитающиеся пеня и налоговые санкции за все время со дня, установленного для уплаты налоговой задолженности, до дня вступления в силу этого решения включаются в сумму задолженности.
10. Решение об отказе в предоставлении отсрочки или рассрочки должно быть обосновано.
11. Решение о предоставлении отсрочки или рассрочки или об отказе в ее предоставлении направляется налоговым органом налогоплательщику по месту текущего налогового учета этого налогоплательщика в течение 3 рабочих дней со дня, следующего за днем принятия такого решения.
12. Порядок и условия предоставления отсрочки или рассрочки по уплате налоговой задолженности в связи с перемещением товаров через таможенную границу ЕАЭС определяются законодательством Кыргызской Республики в сфере таможенного дела.
13. Отечественным организациям, включенным в перечень стратегических объектов, в соответствии с законодательством в сфере регулирования стратегических объектов, может быть предоставлена отсрочка или рассрочка без банковской гарантии на срок не более 18 месяцев, если в отношении налоговой задолженности, по которой подано заявление об отсрочке или рассрочке, отсутствует решение суда о взыскании.
При наличии банковской гарантии отсрочка или рассрочка предоставляется в общем порядке.
(В редакции Закона Кыргызской Республики от 3 апреля 2023 года № 78)"
